Preferences,Skills
Impact,Cultural Analysis
Impact,Social Action Planning
Impact,Social Justice Advocacy
Impact,Social Change Strategy
Impact,Power Relations Analysis
Impact,Equity Analysis
Impact,Community Engagement
Recognition,Public Speaking
Recognition,Philosophical Reasoning
Recognition,Argument Formulation
Recognition,Ethical Analysis
Recognition,Conceptual Analysis
Recognition,Debate Skills
Reward,Modular Design
Reward,Software Development
Reward,Programming
Reward,Project Management
Reward,Algorithm Analysis
Impact,Ethical Reasoning
Recognition,Team Collaboration
Reward,Documentation
Balance,Cognitive Strategy Assessment
Impact,Innovation
Impact,Interdisciplinary Thinking
Balance,Self-Reflection
Impact,Cultural Sensitivity
AI/ML,Mathematical Reasoning
Mathematics,Algebraic Manipulation
Mathematics,Graphical Representation
Mathematics,Communication of Mathematical Ideas
Mathematics,Multi-Step Problem Solving
Mathematics,Geometric Representation
Mathematics,Algebraic Representation
Mathematics,Understanding Rates of Change
Mathematics,Derivative Calculation
Mathematics,Mathematical Modelling
Mathematics,Linear Algebra
Mathematics,Mathematical Communication
Mathematics,Real-World Application of Functions
Reward,Data Organization
Reward,Data Analysis
Reward,Probability
Reward,Statistics
Reward,Statistical Investigation
Mathematics,Function Analysis
Mathematics,Rates of Change
Mathematics,Function Combination
Mathematics,Trigonometric Function Analysis
Mathematics,Logarithmic Function Analysis
Impact,Leadership Analysis
Impact,Political Science
Impact,Indigenous Governance
Impact,Civic Engagement
Impact,Negotiation Skills
Impact,Environmental Analysis
Impact,Global Perspectives
Impact,Identity Exploration
Impact,Human Rights Advocacy
Impact,Resistance Strategies
Recognition,Event Planning
Recognition,Health Promotion
Recognition,Active Living
Recognition,Mentoring
Recognition,Coordination
Recognition,Safe Activity Implementation
Recognition,Wellness Advocacy
Balance,Time Management
Balance,Teamwork
Reward,Human Movement Analysis
Reward,Physiological Analysis
Reward,Psychological Analysis
Impact,Social Factors in Sports
Impact,Health and Performance Evaluation
Reward,Biochemical Analysis
AI/ML,Metabolic Process Understanding
AI/ML,Molecular Genetics
AI/ML,Homeostasis
AI/ML,Population Dynamics
AI/ML,Laboratory Research
AI/ML,Scientific Investigation
Recognition,Report Writing
Balance,Attention to Detail
AI/ML,Organic Chemistry
AI/ML,Chemical Structure and Properties
AI/ML,Energy Changes
AI/ML,Rate of Reaction
AI/ML,Chemical Equilibrium
AI/ML,Electrochemistry
Impact,Environmental Impact Evaluation
Impact,Geological Analysis
Impact,Astronomical Analysis
Impact,Observation Techniques
Impact,Interdisciplinary Knowledge
Impact,Research Methodology
Impact,Medical Technology Understanding
Impact,Public Health Analysis
Impact,Biotechnology Knowledge
Impact,Pathogen and Disease Identification
Impact,Nutritional Science Application
Mathematics,Quantitative Reasoning
Mathematics,Conceptual Understanding of Physics
Mathematics,Experimental Design
Reward,Technological Application Analysis
Reward,Design Thinking
Recognition,Presentation Design
Recognition,Creative Process
Reward,Technical Drawing
Reward,Marketing
Reward,Professional Practices
Reward,Solution Assessment
Reward,Computer Systems
Reward,Hardware Assembly
Reward,Software Installation
Reward,Electronics
Reward,Robotics
Reward,Network Configuration
Impact,Troubleshooting
Recognition,Societal Issues in Technology
Recognition,Technical Writing
Recognition,Media Production
Recognition,Live Communication
Recognition,Recorded Communication
Recognition,Graphic Design
Recognition,TV Production
Recognition,Video Production
Recognition,Movie Production
Recognition,Radio Production
Recognition,Audio Production
Recognition,Print Communications
Recognition,Broadcast Journalism
Recognition,Interactive Media
Impact,Communication Technology
Impact,Career Development
Impact,Environmental Sustainability
Impact,Process Skills
Impact,Design Techniques
Reward,Management Techniques
Balance,Safe Working Practices
Balance,Industry Standards and Codes
Impact,Green Industry Practices
Balance,Health and Safety
AI/ML,Clinical Analysis
AI/ML,Health Care Practices
AI/ML,Medical Procedures
AI/ML,Instrument Handling
AI/ML,Equipment Use
AI/ML,Immune System Function
AI/ML,Pathology and Disease Prevention
AI/ML,Treatment Techniques
Impact,Professional Practice Standards
Impact,Environmental and Societal Awareness
Reward,Healthcare Communication
Reward,Process Planning
Reward,Control Systems
Reward,Quality Assurance
Reward,Business Operations
Reward,Computer-Aided Design (CAD)
Reward,Manufacturing Process
Reward,Manufacturing Techniques
Reward,Analytical Thinking
Recognition,Artistic Expression
Recognition,Communication
Recognition,Collaboration
Recognition,Creative Expression
Recognition,Creative Thinking
Recognition,Critical Analysis
Impact,Cultural Awareness
Impact,Dance Science
Impact,Dance Technique
Impact,Deconstruction
Impact,Historical Context
Recognition,Insightful Response to Music
Reward,Leadership
Balance,Lifelong Learning
Recognition,Media and Technology Application
Recognition,Media Arts
Impact,Movement Fluency
Recognition,Music Appreciation
Recognition,Music Creation
Recognition,Multimedia Design
Impact,Performance
Balance,Personal Reflection
Recognition,Portfolio Development
Impact,Process Exploration
Reward,Skill Application
Impact,Social Awareness
Recognition,Studio Art Production
AI/ML,Technology Application
AI/ML,Technical Proficiency
Reward,Accounting for Business Ownership
Reward,Accounting Methods
Reward,Advanced Accounting
Recognition,Artistic Composition
Reward,Asset Management
Recognition,Business Communication
Recognition,Business Decision Making
Reward,Business Strategy
Reward,Conflict Resolution
Reward,Creative Problem Solving
Recognition,Cross-Cultural Communication
Reward,Decision Making
Recognition,Design Principles
Recognition,Digital Imaging
Reward,Distribution Management
Reward,Economic Analysis
Impact,Ethics
Reward,Financial Management
Reward,Financial Statement Analysis
Reward,Financing Sources
Impact,Global Trade
Impact,Group Dynamics Management
Impact,Historical Analysis
Recognition,Image Manipulation
Reward,International Business
Reward,International Market Analysis
Recognition,Marketing Strategies
Impact,Material Exploration
Impact,Negotiation
Reward,Partnership and Corporate Accounting
Recognition,Photography
Impact,Social Responsibility
Reward,Strategic Planning
Balance,Stress Management
Recognition,Studio Practice
Recognition,Technical Photography
Recognition,Visual Communication
Recognition,Visual Storytelling
Mathematics,Chart and Graph Creation
Impact,Community Development
Recognition,Critical Thinking
Impact,Cultural Studies
Reward,Data Interpretation
Impact,Environmental Impact Assessment
Impact,Environmental Stewardship
Impact,Evidence Analysis
Impact,Geographic Information Systems (GIS)
Impact,Geographic Inquiry
Impact,Geographic Thinking
Impact,Global Positioning Systems (GPS)
Impact,Globalization Studies
Impact,Human Rights Research
Impact,Identity Research
Recognition,Inquiry Process
Mathematics,Map Creation
Impact,Policy Analysis
Impact,Population Studies
Reward,Problem Solving
AI/ML,Remote Sensing
Impact,Resource Management
Impact,Social Research
AI/ML,Spatial Analysis
Impact,Sustainability Analysis
Impact,Sustainability Practices
Impact,Urban Planning
Recognition,Event Analysis
Impact,Historical Inquiry
Impact,Historical Thinking
Recognition,Academic Language Proficiency
Impact,Advocacy
Recognition,Case Analysis
Reward,Criminal Law
Reward,Economic Modelling
Impact,Environmental Law
Impact,Evaluation of Information
Impact,Evidence Interpretation
Impact,Global Studies
Impact,Human Rights Analysis
Impact,International Law
Impact,International Relations
Impact,Issue Assessment
Recognition,Legal Reasoning
Recognition,Legal Research
Recognition,Legal Writing
Recognition,Literacy
Recognition,Media Literacy
Impact,Oral Communication
Impact,Political Analysis
Reward,Political Strategy
Recognition,Public Spending Analysis
Recognition,Reading Strategies
Impact,Regulatory Analysis
Recognition,Research
Impact,Social Analysis
Impact,Stakeholder Engagement
Impact,Sustainability Assessment
Recognition,Textual Analysis
Impact,Trade Analysis
Recognition,Writing Skills
Recognition,Analytical Writing
Recognition,Creative Response
Recognition,Cultural Appreciation
Recognition,Editing
Recognition,Essay Writing
Recognition,Independent Learning
Balance,Independent Study
Recognition,Language Learning
Recognition,Listening
Recognition,Literary Analysis
Recognition,Literary Criticism
Recognition,Peer Review
Recognition,Publishing
Recognition,Reading
Recognition,Speaking
Recognition,Text Analysis
Recognition,Text Interaction
Recognition,Workshop Techniques
Recognition,Writing
Recognition,Writing Improvement
Recognition,Analytical Skills
Impact,Behavioral Analysis
Impact,Cognitive Development
Recognition,Communication Skills
Recognition,Design Skills
Impact,Developmental Analysis
Impact,Environmental Responsibility
Impact,Fabric and Fibre Knowledge
Impact,Family Dynamics Analysis
Recognition,Fashion Product Creation
Balance,Food Preparation
Impact,Food Security Awareness
Impact,Health Evaluation
Recognition,Inquiry Skills
Recognition,Investigative Skills
Impact,Lifespan Analysis
Impact,Nutritional Analysis
Recognition,Practical Skills
Recognition,Research Skills
Impact,Resilience Building
Impact,Social-Emotional Development
Impact,Social Science Methodologies
Impact,Social Science Research
Impact,Sociological Analysis
Impact,Sociological and Psychological Analysis
Recognition,Technical Skills
Recognition,Theoretical Application